0, 1
1e-06, 0.99
2e-06, 0.9801
3e-06, 0.970299
4e-06, 0.960596
5e-06, 0.95099
6e-06, 0.94148
7e-06, 0.932065
8e-06, 0.922745
9e-06, 0.913517
1e-05, 0.904382
1.1e-05, 0.895338
1.2e-05, 0.886385
1.3e-05, 0.877521
1.4e-05, 0.868746
1.5e-05, 0.860058
1.6e-05, 0.851458
1.7e-05, 0.842943
1.8e-05, 0.834514
1.9e-05, 0.826169
2e-05, 0.817907
2.1e-05, 0.809728
2.2e-05, 0.801631
2.3e-05, 0.793614
2.4e-05, 0.785678
2.5e-05, 0.777821
2.6e-05, 0.770043
2.7e-05, 0.762343
2.8e-05, 0.754719
2.9e-05, 0.747172
3e-05, 0.7397
3.1e-05, 0.732303
3.2e-05, 0.72498
3.3e-05, 0.717731
3.4e-05, 0.710553
3.5e-05, 0.703448
3.6e-05, 0.696413
3.7e-05, 0.689449
3.8e-05, 0.682555
3.9e-05, 0.675729
4e-05, 0.668972
4.1e-05, 0.662282
4.2e-05, 0.655659
4.3e-05, 0.649103
4.4e-05, 0.642612
4.5e-05, 0.636185
4.6e-05, 0.629824
4.7e-05, 0.623525
4.8e-05, 0.61729
4.9e-05, 0.611117
5e-05, 0.605006
5.1e-05, 0.598956
5.2e-05, 0.592966
5.3e-05, 0.587037
5.4e-05, 0.581166
5.5e-05, 0.575355
5.6e-05, 0.569601
5.7e-05, 0.563905
5.8e-05, 0.558266
5.9e-05, 0.552683
6e-05, 0.547157
6.1e-05, 0.541685
6.2e-05, 0.536268
6.3e-05, 0.530906
6.4e-05, 0.525596
6.5e-05, 0.520341
6.6e-05, 0.515137
6.7e-05, 0.509986
6.8e-05, 0.504886
6.9e-05, 0.499837
7e-05, 0.494839
7.1e-05, 0.48989
7.2e-05, 0.484991
7.3e-05, 0.480141
7.4e-05, 0.47534
7.5e-05, 0.470587
7.6e-05, 0.465881
7.7e-05, 0.461222
7.8e-05, 0.45661
7.9e-05, 0.452044
8e-05, 0.447523
8.1e-05, 0.443048
8.2e-05, 0.438618
8.3e-05, 0.434231
8.4e-05, 0.429889
8.5e-05, 0.42559
8.6e-05, 0.421334
8.7e-05, 0.417121
8.8e-05, 0.41295
8.9e-05, 0.40882
9e-05, 0.404732
9.1e-05, 0.400685
9.2e-05, 0.396678
9.3e-05, 0.392711
9.4e-05, 0.388784
9.5e-05, 0.384896
9.6e-05, 0.381047
9.7e-05, 0.377237
9.8e-05, 0.373464
9.9e-05, 0.36973
0.0001, 0.366032
0.000101, 0.362372
0.000102, 0.358748
0.000103, 0.355161
0.000104, 0.351609
0.000105, 0.348093
0.000106, 0.344612
0.000107, 0.341166
0.000108, 0.337754
0.000109, 0.334377
0.00011, 0.331033
0.000111, 0.327723
0.000112, 0.324446
0.000113, 0.321201
0.000114, 0.317989
0.000115, 0.314809
0.000116, 0.311661
0.000117, 0.308544
0.000118, 0.305459
0.000119, 0.302404
0.00012, 0.29938
0.000121, 0.296387
0.000122, 0.293423
0.000123, 0.290488
0.000124, 0.287584
0.000125, 0.284708
0.000126, 0.281861
0.000127, 0.279042
0.000128, 0.276252
0.000129, 0.273489
0.00013, 0.270754
0.000131, 0.268047
0.000132, 0.265366
0.000133, 0.262713
0.000134, 0.260085
0.000135, 0.257485
0.000136, 0.25491
0.000137, 0.252361
0.000138, 0.249837
0.000139, 0.247339
0.00014, 0.244865
0.000141, 0.242417
0.000142, 0.239992
0.000143, 0.237593
0.000144, 0.235217
0.000145, 0.232864
0.000146, 0.230536
0.000147, 0.22823
0.000148, 0.225948
0.000149, 0.223689
0.00015, 0.221452
0.000151, 0.219237
0.000152, 0.217045
0.000153, 0.214874
0.000154, 0.212726
0.000155, 0.210598
0.000156, 0.208492
0.000157, 0.206408
0.000158, 0.204343
0.000159, 0.2023
0.00016, 0.200277
0.000161, 0.198274
0.000162, 0.196292
0.000163, 0.194329
0.000164, 0.192385
0.000165, 0.190461
0.000166, 0.188557
0.000167, 0.186671
0.000168, 0.184805
0.000169, 0.182957
0.00017, 0.181127
0.000171, 0.179316
0.000172, 0.177523
0.000173, 0.175747
0.000174, 0.17399
0.000175, 0.17225
0.000176, 0.170527
0.000177, 0.168822
0.000178, 0.167134
0.000179, 0.165463
0.00018, 0.163808
0.000181, 0.16217
0.000182, 0.160548
0.000183, 0.158943
0.000184, 0.157353
0.000185, 0.15578
0.000186, 0.154222
0.000187, 0.15268
0.000188, 0.151153
0.000189, 0.149641
0.00019, 0.148145
0.000191, 0.146664
0.000192, 0.145197
0.000193, 0.143745
0.000194, 0.142307
0.000195, 0.140884
0.000196, 0.139476
0.000197, 0.138081
0.000198, 0.1367
0.000199, 0.135333
0.0002, 0.13398
0.000201, 0.13264
0.000202, 0.131313
0.000203, 0.13
0.000204, 0.1287
0.000205, 0.127413
0.000206, 0.126139
0.000207, 0.124878
0.000208, 0.123629
0.000209, 0.122393
0.00021, 0.121169
0.000211, 0.119957
0.000212, 0.118758
0.000213, 0.11757
0.000214, 0.116394
0.000215, 0.11523
0.000216, 0.114078
0.000217, 0.112937
0.000218, 0.111808
0.000219, 0.11069
0.00022, 0.109583
0.000221, 0.108487
0.000222, 0.107402
0.000223, 0.106328
0.000224, 0.105265
0.000225, 0.104212
0.000226, 0.10317
0.000227, 0.102138
0.000228, 0.101117
0.000229, 0.100106
0.00023, 0.0991048
0.000231, 0.0981138
0.000232, 0.0971326
0.000233, 0.0961613
0.000234, 0.0951997
0.000235, 0.0942477
0.000236, 0.0933052
0.000237, 0.0923722
0.000238, 0.0914484
0.000239, 0.090534
0.00024, 0.0896286
0.000241, 0.0887323
0.000242, 0.087845
0.000243, 0.0869666
0.000244, 0.0860969
0.000245, 0.0852359
0.000246, 0.0843836
0.000247, 0.0835397
0.000248, 0.0827043
0.000249, 0.0818773
0.00025, 0.0810585
0.000251, 0.0802479
0.000252, 0.0794455
0.000253, 0.078651
0.000254, 0.0778645
0.000255, 0.0770858
0.000256, 0.076315
0.000257, 0.0755518
0.000258, 0.0747963
0.000259, 0.0740484
0.00026, 0.0733079
0.000261, 0.0725748
0.000262, 0.071849
0.000263, 0.0711306
0.000264, 0.0704192
0.000265, 0.0697151
0.000266, 0.0690179
0.000267, 0.0683277
0.000268, 0.0676444
0.000269, 0.066968
0.00027, 0.0662983
0.000271, 0.0656353
0.000272, 0.064979
0.000273, 0.0643292
0.000274, 0.0636859
0.000275, 0.063049
0.000276, 0.0624186
0.000277, 0.0617944
0.000278, 0.0611764
0.000279, 0.0605647
0.00028, 0.059959
0.000281, 0.0593594
0.000282, 0.0587658
0.000283, 0.0581782
0.000284, 0.0575964
0.000285, 0.0570204
0.000286, 0.0564502
0.000287, 0.0558857
0.000288, 0.0553269
0.000289, 0.0547736
0.00029, 0.0542259
0.000291, 0.0536836
0.000292, 0.0531468
0.000293, 0.0526153
0.000294, 0.0520891
0.000295, 0.0515683
0.000296, 0.0510526
0.000297, 0.050542
0.000298, 0.0500366
0.000299, 0.0495363
0.0003, 0.0490409
0.000301, 0.0485505
0.000302, 0.048065
0.000303, 0.0475843
0.000304, 0.0471085
0.000305, 0.0466374
0.000306, 0.046171
0.000307, 0.0457093
0.000308, 0.0452522
0.000309, 0.0447997
0.00031, 0.0443517
0.000311, 0.0439082
0.000312, 0.0434691
0.000313, 0.0430344
0.000314, 0.0426041
0.000315, 0.042178
0.000316, 0.0417563
0.000317, 0.0413387
0.000318, 0.0409253
0.000319, 0.040516
0.00032, 0.0401109
0.000321, 0.0397098
0.000322, 0.0393127
0.000323, 0.0389196
0.000324, 0.0385304
0.000325, 0.0381451
0.000326, 0.0377636
0.000327, 0.037386
0.000328, 0.0370121
0.000329, 0.036642
0.00033, 0.0362756
0.000331, 0.0359128
0.000332, 0.0355537
0.000333, 0.0351981
0.000334, 0.0348462
0.000335, 0.0344977
0.000336, 0.0341527
0.000337, 0.0338112
0.000338, 0.0334731
0.000339, 0.0331384
0.00034, 0.032807
0.000341, 0.0324789
0.000342, 0.0321541
0.000343, 0.0318326
0.000344, 0.0315142
0.000345, 0.0311991
0.000346, 0.0308871
0.000347, 0.0305782
0.000348, 0.0302725
0.000349, 0.0299697
0.00035, 0.02967
0.000351, 0.0293733
0.000352, 0.0290796
0.000353, 0.0287888
0.000354, 0.0285009
0.000355, 0.0282159
0.000356, 0.0279338
0.000357, 0.0276544
0.000358, 0.0273779
0.000359, 0.0271041
0.00036, 0.0268331
0.000361, 0.0265647
0.000362, 0.0262991
0.000363, 0.0260361
0.000364, 0.0257757
0.000365, 0.025518
0.000366, 0.0252628
0.000367, 0.0250102
0.000368, 0.0247601
0.000369, 0.0245125
0.00037, 0.0242673
0.000371, 0.0240247
0.000372, 0.0237844
0.000373, 0.0235466
0.000374, 0.0233111
0.000375, 0.023078
0.000376, 0.0228472
0.000377, 0.0226187
0.000378, 0.0223926
0.000379, 0.0221686
0.00038, 0.0219469
0.000381, 0.0217275
0.000382, 0.0215102
0.000383, 0.0212951
0.000384, 0.0210821
0.000385, 0.0208713
0.000386, 0.0206626
0.000387, 0.020456
0.000388, 0.0202514
0.000389, 0.0200489
0.00039, 0.0198484
0.000391, 0.0196499
0.000392, 0.0194534
0.000393, 0.0192589
0.000394, 0.0190663
0.000395, 0.0188756
0.000396, 0.0186869
0.000397, 0.0185
0.000398, 0.018315
0.000399, 0.0181319
0.0004, 0.0179506
0.000401, 0.017771
0.000402, 0.0175933
0.000403, 0.0174174
0.000404, 0.0172432
0.000405, 0.0170708
0.000406, 0.0169001
0.000407, 0.0167311
0.000408, 0.0165638
0.000409, 0.0163981
0.00041, 0.0162342
0.000411, 0.0160718
0.000412, 0.0159111
0.000413, 0.015752
0.000414, 0.0155945
0.000415, 0.0154385
0.000416, 0.0152841
0.000417, 0.0151313
0.000418, 0.01498
0.000419, 0.0148302
0.00042, 0.0146819
0.000421, 0.0145351
0.000422, 0.0143897
0.000423, 0.0142458
0.000424, 0.0141034
0.000425, 0.0139623
0.000426, 0.0138227
0.000427, 0.0136845
0.000428, 0.0135476
0.000429, 0.0134122
0.00043, 0.013278
0.000431, 0.0131453
0.000432, 0.0130138
0.000433, 0.0128837
0.000434, 0.0127548
0.000435, 0.0126273
0.000436, 0.012501
0.000437, 0.012376
0.000438, 0.0122522
0.000439, 0.0121297
0.00044, 0.0120084
0.000441, 0.0118883
0.000442, 0.0117694
0.000443, 0.0116518
0.000444, 0.0115352
0.000445, 0.0114199
0.000446, 0.0113057
0.000447, 0.0111926
0.000448, 0.0110807
0.000449, 0.0109699
0.00045, 0.0108602
0.000451, 0.0107516
0.000452, 0.0106441
0.000453, 0.0105376
0.000454, 0.0104323
0.000455, 0.0103279
0.000456, 0.0102247
0.000457, 0.0101224
0.000458, 0.0100212
0.000459, 0.00992097
0.00046, 0.00982176
0.000461, 0.00972355
0.000462, 0.00962631
0.000463, 0.00953005
0.000464, 0.00943475
0.000465, 0.0093404
0.000466, 0.009247
0.000467, 0.00915453
0.000468, 0.00906298
0.000469, 0.00897235
0.00047, 0.00888263
0.000471, 0.0087938
0.000472, 0.00870586
0.000473, 0.0086188
0.000474, 0.00853262
0.000475, 0.00844729
0.000476, 0.00836282
0.000477, 0.00827919
0.000478, 0.0081964
0.000479, 0.00811443
0.00048, 0.00803329
0.000481, 0.00795296
0.000482, 0.00787343
0.000483, 0.00779469
0.000484, 0.00771675
0.000485, 0.00763958
0.000486, 0.00756318
0.000487, 0.00748755
0.000488, 0.00741268
0.000489, 0.00733855
0.00049, 0.00726516
0.000491, 0.00719251
0.000492, 0.00712059
0.000493, 0.00704938
0.000494, 0.00697889
0.000495, 0.0069091
0.000496, 0.00684001
0.000497, 0.00677161
0.000498, 0.00670389
0.000499, 0.00663685
0.0005, 0.00657048
0.000501, 0.00650478
0.000502, 0.00643973
0.000503, 0.00637533
0.000504, 0.00631158
0.000505, 0.00624846
0.000506, 0.00618598
0.000507, 0.00612412
0.000508, 0.00606288
0.000509, 0.00600225
0.00051, 0.00594223
0.000511, 0.0058828
0.000512, 0.00582398
0.000513, 0.00576574
0.000514, 0.00570808
0.000515, 0.005651
0.000516, 0.00559449
0.000517, 0.00553854
0.000518, 0.00548316
0.000519, 0.00542833
0.00052, 0.00537404
0.000521, 0.0053203
0.000522, 0.0052671
0.000523, 0.00521443
0.000524, 0.00516228
0.000525, 0.00511066
0.000526, 0.00505956
0.000527, 0.00500896
0.000528, 0.00495887
0.000529, 0.00490928
0.00053, 0.00486019
0.000531, 0.00481159
0.000532, 0.00476347
0.000533, 0.00471584
0.000534, 0.00466868
0.000535, 0.00462199
0.000536, 0.00457577
0.000537, 0.00453001
0.000538, 0.00448471
0.000539, 0.00443987
0.00054, 0.00439547
0.000541, 0.00435151
0.000542, 0.004308
0.000543, 0.00426492
0.000544, 0.00422227
0.000545, 0.00418005
0.000546, 0.00413825
0.000547, 0.00409686
0.000548, 0.00405589
0.000549, 0.00401534
0.00055, 0.00397518
0.000551, 0.00393543
0.000552, 0.00389608
0.000553, 0.00385712
0.000554, 0.00381854
0.000555, 0.00378036
0.000556, 0.00374256
0.000557, 0.00370513
0.000558, 0.00366808
0.000559, 0.0036314
0.00056, 0.00359508
0.000561, 0.00355913
0.000562, 0.00352354
0.000563, 0.00348831
0.000564, 0.00345342
0.000565, 0.00341889
0.000566, 0.0033847
0.000567, 0.00335085
0.000568, 0.00331734
0.000569, 0.00328417
0.00057, 0.00325133
0.000571, 0.00321882
0.000572, 0.00318663
0.000573, 0.00315476
0.000574, 0.00312321
0.000575, 0.00309198
0.000576, 0.00306106
0.000577, 0.00303045
0.000578, 0.00300015
0.000579, 0.00297015
0.00058, 0.00294044
0.000581, 0.00291104
0.000582, 0.00288193
0.000583, 0.00285311
0.000584, 0.00282458
0.000585, 0.00279633
0.000586, 0.00276837
0.000587, 0.00274069
0.000588, 0.00271328
0.000589, 0.00268615
0.00059, 0.00265928
0.000591, 0.00263269
0.000592, 0.00260636
0.000593, 0.0025803
0.000594, 0.0025545
0.000595, 0.00252895
0.000596, 0.00250366
0.000597, 0.00247863
0.000598, 0.00245384
0.000599, 0.0024293
0.0006, 0.00240501
0.000601, 0.00238096
0.000602, 0.00235715
0.000603, 0.00233358
0.000604, 0.00231024
0.000605, 0.00228714
0.000606, 0.00226427
0.000607, 0.00224163
0.000608, 0.00221921
0.000609, 0.00219702
0.00061, 0.00217505
0.000611, 0.0021533
0.000612, 0.00213176
0.000613, 0.00211045
0.000614, 0.00208934
0.000615, 0.00206845
0.000616, 0.00204776
0.000617, 0.00202729
0.000618, 0.00200701
0.000619, 0.00198694
0.00062, 0.00196707
0.000621, 0.0019474
0.000622, 0.00192793
0.000623, 0.00190865
0.000624, 0.00188956
0.000625, 0.00187067
0.000626, 0.00185196
0.000627, 0.00183344
0.000628, 0.00181511
0.000629, 0.00179696
0.00063, 0.00177899
0.000631, 0.0017612
0.000632, 0.00174358
0.000633, 0.00172615
0.000634, 0.00170889
0.000635, 0.0016918
0.000636, 0.00167488
0.000637, 0.00165813
0.000638, 0.00164155
0.000639, 0.00162513
0.00064, 0.00160888
0.000641, 0.00159279
0.000642, 0.00157687
0.000643, 0.0015611
0.000644, 0.00154549
0.000645, 0.00153003
0.000646, 0.00151473
0.000647, 0.00149958
0.000648, 0.00148459
0.000649, 0.00146974
0.00065, 0.00145505
0.000651, 0.00144049
0.000652, 0.00142609
0.000653, 0.00141183
0.000654, 0.00139771
0.000655, 0.00138373
0.000656, 0.0013699
0.000657, 0.0013562
0.000658, 0.00134264
0.000659, 0.00132921
0.00066, 0.00131592
0.000661, 0.00130276
0.000662, 0.00128973
0.000663, 0.00127683
0.000664, 0.00126406
0.000665, 0.00125142
0.000666, 0.00123891
0.000667, 0.00122652
0.000668, 0.00121426
0.000669, 0.00120211
0.00067, 0.00119009
0.000671, 0.00117819
0.000672, 0.00116641
0.000673, 0.00115474
0.000674, 0.0011432
0.000675, 0.00113177
0.000676, 0.00112045
0.000677, 0.00110924
0.000678, 0.00109815
0.000679, 0.00108717
0.00068, 0.0010763
0.000681, 0.00106553
0.000682, 0.00105488
0.000683, 0.00104433
0.000684, 0.00103389
0.000685, 0.00102355
0.000686, 0.00101331
0.000687, 0.00100318
0.000688, 0.000993148
0.000689, 0.000983216
0.00069, 0.000973384
0.000691, 0.00096365
0.000692, 0.000954014
0.000693, 0.000944474
0.000694, 0.000935029
0.000695, 0.000925679
0.000696, 0.000916422
0.000697, 0.000907258
0.000698, 0.000898185
0.000699, 0.000889203
0.0007, 0.000880311
0.000701, 0.000871508
0.000702, 0.000862793
0.000703, 0.000854165
0.000704, 0.000845623
0.000705, 0.000837167
0.000706, 0.000828796
0.000707, 0.000820508
0.000708, 0.000812302
0.000709, 0.000804179
0.00071, 0.000796138
0.000711, 0.000788176
0.000712, 0.000780295
0.000713, 0.000772492
0.000714, 0.000764767
0.000715, 0.000757119
0.000716, 0.000749548
0.000717, 0.000742052
0.000718, 0.000734632
0.000719, 0.000727285
0.00072, 0.000720013
0.000721, 0.000712812
0.000722, 0.000705684
0.000723, 0.000698628
0.000724, 0.000691641
0.000725, 0.000684725
0.000726, 0.000677878
0.000727, 0.000671099
0.000728, 0.000664388
0.000729, 0.000657744
0.00073, 0.000651167
0.000731, 0.000644655
0.000732, 0.000638208
0.000733, 0.000631826
0.000734, 0.000625508
0.000735, 0.000619253
0.000736, 0.00061306
0.000737, 0.00060693
0.000738, 0.00060086
0.000739, 0.000594852
0.00074, 0.000588903
0.000741, 0.000583014
0.000742, 0.000577184
0.000743, 0.000571412
0.000744, 0.000565698
0.000745, 0.000560041
0.000746, 0.000554441
0.000747, 0.000548896
0.000748, 0.000543407
0.000749, 0.000537973
0.00075, 0.000532594
0.000751, 0.000527268
0.000752, 0.000521995
0.000753, 0.000516775
0.000754, 0.000511607
0.000755, 0.000506491
0.000756, 0.000501426
0.000757, 0.000496412
0.000758, 0.000491448
0.000759, 0.000486533
0.00076, 0.000481668
0.000761, 0.000476851
0.000762, 0.000472083
0.000763, 0.000467362
0.000764, 0.000462688
0.000765, 0.000458062
0.000766, 0.000453481
0.000767, 0.000448946
0.000768, 0.000444457
0.000769, 0.000440012
0.00077, 0.000435612
0.000771, 0.000431256
0.000772, 0.000426943
0.000773, 0.000422674
0.000774, 0.000418447
0.000775, 0.000414263
0.000776, 0.00041012
0.000777, 0.000406019
0.000778, 0.000401959
0.000779, 0.000397939
0.00078, 0.00039396
0.000781, 0.00039002
0.000782, 0.00038612
0.000783, 0.000382259
0.000784, 0.000378436
0.000785, 0.000374652
0.000786, 0.000370905
0.000787, 0.000367196
0.000788, 0.000363524
0.000789, 0.000359889
0.00079, 0.00035629
0.000791, 0.000352727
0.000792, 0.0003492
0.000793, 0.000345708
0.000794, 0.000342251
0.000795, 0.000338828
0.000796, 0.00033544
0.000797, 0.000332086
0.000798, 0.000328765
0.000799, 0.000325477
0.0008, 0.000322222
0.000801, 0.000319
0.000802, 0.00031581
0.000803, 0.000312652
0.000804, 0.000309526
0.000805, 0.00030643
0.000806, 0.000303366
0.000807, 0.000300332
0.000808, 0.000297329
0.000809, 0.000294356
0.00081, 0.000291412
0.000811, 0.000288498
0.000812, 0.000285613
0.000813, 0.000282757
0.000814, 0.000279929
0.000815, 0.00027713
0.000816, 0.000274359
0.000817, 0.000271615
0.000818, 0.000268899
0.000819, 0.00026621
0.00082, 0.000263548
0.000821, 0.000260912
0.000822, 0.000258303
0.000823, 0.00025572
0.000824, 0.000253163
0.000825, 0.000250631
0.000826, 0.000248125
0.000827, 0.000245644
0.000828, 0.000243187
0.000829, 0.000240756
0.00083, 0.000238348
0.000831, 0.000235965
0.000832, 0.000233605
0.000833, 0.000231269
0.000834, 0.000228956
0.000835, 0.000226667
0.000836, 0.0002244
0.000837, 0.000222156
0.000838, 0.000219934
0.000839, 0.000217735
0.00084, 0.000215558
0.000841, 0.000213402
0.000842, 0.000211268
0.000843, 0.000209155
0.000844, 0.000207064
0.000845, 0.000204993
0.000846, 0.000202943
0.000847, 0.000200914
0.000848, 0.000198905
0.000849, 0.000196916
0.00085, 0.000194946
0.000851, 0.000192997
0.000852, 0.000191067
0.000853, 0.000189156
0.000854, 0.000187265
0.000855, 0.000185392
0.000856, 0.000183538
0.000857, 0.000181703
0.000858, 0.000179886
0.000859, 0.000178087
0.00086, 0.000176306
0.000861, 0.000174543
0.000862, 0.000172798
0.000863, 0.00017107
0.000864, 0.000169359
0.000865, 0.000167665
0.000866, 0.000165989
0.000867, 0.000164329
0.000868, 0.000162686
0.000869, 0.000161059
0.00087, 0.000159448
0.000871, 0.000157854
0.000872, 0.000156275
0.000873, 0.000154712
0.000874, 0.000153165
0.000875, 0.000151634
0.000876, 0.000150117
0.000877, 0.000148616
0.000878, 0.00014713
0.000879, 0.000145659
0.00088, 0.000144202
0.000881, 0.00014276
0.000882, 0.000141332
0.000883, 0.000139919
0.000884, 0.00013852
0.000885, 0.000137135
0.000886, 0.000135763
0.000887, 0.000134406
0.000888, 0.000133062
0.000889, 0.000131731
0.00089, 0.000130414
0.000891, 0.00012911
0.000892, 0.000127818
0.000893, 0.00012654
0.000894, 0.000125275
0.000895, 0.000124022
0.000896, 0.000122782
0.000897, 0.000121554
0.000898, 0.000120339
0.000899, 0.000119135
0.0009, 0.000117944
0.000901, 0.000116764
0.000902, 0.000115597
0.000903, 0.000114441
0.000904, 0.000113296
0.000905, 0.000112163
0.000906, 0.000111042
0.000907, 0.000109931
0.000908, 0.000108832
0.000909, 0.000107744
0.00091, 0.000106666
0.000911, 0.0001056
0.000912, 0.000104544
0.000913, 0.000103498
0.000914, 0.000102463
0.000915, 0.000101439
0.000916, 0.000100424
0.000917, 9.94199e-05
0.000918, 9.84257e-05
0.000919, 9.74415e-05
0.00092, 9.64671e-05
0.000921, 9.55024e-05
0.000922, 9.45474e-05
0.000923, 9.36019e-05
0.000924, 9.26659e-05
0.000925, 9.17392e-05
0.000926, 9.08218e-05
0.000927, 8.99136e-05
0.000928, 8.90145e-05
0.000929, 8.81243e-05
0.00093, 8.72431e-05
0.000931, 8.63706e-05
0.000932, 8.55069e-05
0.000933, 8.46519e-05
0.000934, 8.38054e-05
0.000935, 8.29673e-05
0.000936, 8.21376e-05
0.000937, 8.13162e-05
0.000938, 8.05031e-05
0.000939, 7.96981e-05
0.00094, 7.89011e-05
0.000941, 7.81121e-05
0.000942, 7.73309e-05
0.000943, 7.65576e-05
0.000944, 7.57921e-05
0.000945, 7.50341e-05
0.000946, 7.42838e-05
0.000947, 7.3541e-05
0.000948, 7.28055e-05
0.000949, 7.20775e-05
0.00095, 7.13567e-05
0.000951, 7.06432e-05
0.000952, 6.99367e-05
0.000953, 6.92374e-05
0.000954, 6.8545e-05
0.000955, 6.78595e-05
0.000956, 6.71809e-05
0.000957, 6.65091e-05
0.000958, 6.5844e-05
0.000959, 6.51856e-05
0.00096, 6.45337e-05
0.000961, 6.38884e-05
0.000962, 6.32495e-05
0.000963, 6.2617e-05
0.000964, 6.19909e-05
0.000965, 6.13709e-05
0.000966, 6.07572e-05
0.000967, 6.01497e-05
0.000968, 5.95482e-05
0.000969, 5.89527e-05
0.00097, 5.83632e-05
0.000971, 5.77795e-05
0.000972, 5.72017e-05
0.000973, 5.66297e-05
0.000974, 5.60634e-05
0.000975, 5.55028e-05
0.000976, 5.49478e-05
0.000977, 5.43983e-05
0.000978, 5.38543e-05
0.000979, 5.33157e-05
0.00098, 5.27826e-05
0.000981, 5.22548e-05
0.000982, 5.17322e-05
0.000983, 5.12149e-05
0.000984, 5.07027e-05
0.000985, 5.01957e-05
0.000986, 4.96938e-05
0.000987, 4.91968e-05
0.000988, 4.87049e-05
0.000989, 4.82178e-05
0.00099, 4.77356e-05
0.000991, 4.72583e-05
0.000992, 4.67857e-05
0.000993, 4.63178e-05
0.000994, 4.58547e-05
0.000995, 4.53961e-05
0.000996, 4.49421e-05
0.000997, 4.44927e-05
0.000998, 4.40478e-05
0.000999, 4.36073e-05
0.001, 4.31712e-05
